{ 
  "pageDimensions": [
    2160,
    1964
  ],
  "bubbleDimensions": [
    36,
    36
  ],
  "preProcessors": [
    {
      "name": "CropOnMarkers",
      "options": {
        "relativePath": "omr_marker.jpg",
        "sheetToMarkerWidthRatio": 17
      }
    }
  ],
  "fieldBlocks": { 
    "set": {
      "origin": [
        1784,
        380
      ],
      "bubblesGap": 70,
      "labelsGap": 0,
      "fieldLabels": [
        "set"
      ],
      "bubbleValues": [
        "A",
        "B",
        "C",
        "D"
      ],
      "direction": "horizontal"
    },
    "MCQBlock_1_4": {
      "fieldType": "QTYPE_MCQ4",
      "origin": [
        193,
        894
      ],
      "bubblesGap": 69.5,
      "labelsGap": 68,
      "fieldLabels": [
        "q1..4"
      ]
    },
    "MCQBlock_5_8": {
      "fieldType": "QTYPE_MCQ4",
      "origin": [
        739,
        894
      ],
      "bubblesGap": 69.5,
      "labelsGap": 68,
      "fieldLabels": [
        "q5..8"
      ]
    },
    "MCQBlock_9_12": {
      "fieldType": "QTYPE_MCQ4",
      "origin": [
        1287,
        894
      ],
      "bubblesGap": 69.5,
      "labelsGap": 68,
      "fieldLabels": [
        "q9..12"
      ]
    },
    "MCQBlock_13_16": {
      "fieldType": "QTYPE_MCQ4",
      "origin": [
        1837,
        894
      ],
      "bubblesGap": 69.5,
      "labelsGap": 68,
      "fieldLabels": [
        "q13..16"
      ]
    },
    "MCQBlock_17_21": {
      "fieldType": "QTYPE_MCQ4",
      "origin": [
        193,
        1472
      ],
      "bubblesGap": 69.5,
      "labelsGap": 67.5,
      "fieldLabels": [
        "q17..21"
      ]
    },
    "MCQBlock_22_26": {
      "fieldType": "QTYPE_MCQ4",
      "origin": [
        738,
        1472
      ],
      "bubblesGap": 69.5,
      "labelsGap": 67.5,
      "fieldLabels": [
        "q22..26"
      ]
    },
    "MCQBlock_27_31": {
      "fieldType": "QTYPE_MCQ4",
      "origin": [
        1285,
        1472
      ],
      "bubblesGap": 69.5,
      "labelsGap": 67.5,
      "fieldLabels": [
        "q27..31"
      ]
    }
  },
  "outputColumns": [
    "set",
    "q1..31"
  ],
  "emptyValue": ""
}
