{
  "pageDimensions": [
    3000,
    1680
  ],
  "bubbleDimensions": [
    50,
    50
  ],
  "preProcessors": [
    {
      "name": "CropOnMarkers",
      "options": {
        "relativePath": "omr_marker.jpg",
        "sheetToMarkerWidthRatio": 17
      }
    }
  ],
  "fieldBlocks": {
    "p1": {
      "origin": [
        205,
        444
      ],
      "fieldLabels": [
        "p1"
      ],
      "bubbleValues": [
	"0",
	"1",
	"2",
	"3"
      ],
      "bubblesGap": 115,
      "labelsGap": 0,
      "direction": "vertical"
    },
    "p2": {
      "origin": [
        328,
        444
      ],
      "fieldLabels": [
        "p2"
      ],
      "fieldType": "QTYPE_INT",
      "bubblesGap": 115,
      "labelsGap": 0,
      "direction": "vertical"
    },
    "p3": {
      "origin": [
        572,
        444
      ],
      "fieldLabels": [
        "p3"
      ],
      "bubbleValues": [
	"0",
	"5"
      ],
      "bubblesGap": 572,
      "labelsGap": 0,
      "direction": "vertical"
    },
    "c1": {
      "origin": [
        748,
        444
      ],
      "fieldLabels": [
        "c1"
      ],
      "bubbleValues": [
	"0",
	"1",
	"2",
	"3"
      ],
      "bubblesGap": 114,
      "labelsGap": 0,
      "direction": "vertical"
    },
    "c2": {
      "origin": [
        869,
        444
      ],
      "fieldLabels": [
        "c2"
      ],
      "fieldType": "QTYPE_INT",
      "bubblesGap": 115,
      "labelsGap": 0,
      "direction": "vertical"
    },
    "c3": {
      "origin": [
        1112,
        444
      ],
      "fieldLabels": [
        "c3"
      ],
      "bubbleValues": [
	"0",
	"5"
      ],
      "bubblesGap": 573,
      "labelsGap": 0,
      "direction": "vertical"
    },
    "m1": {
      "origin": [
        1285,
        444
      ],
      "fieldLabels": [
        "m1"
      ],
      "bubbleValues": [
	"0",
	"1",
	"2",
	"3"
      ],
      "bubblesGap": 113,
      "labelsGap": 0,
      "direction": "vertical"
    },
    "m2": {
      "origin": [
        1406,
        444
      ],
      "fieldLabels": [
        "m2"
      ],
      "fieldType": "QTYPE_INT",
      "bubblesGap": 115,
      "labelsGap": 0,
      "direction": "vertical"
    },
    "m3": {
      "origin": [
        1651,
        444
      ],
      "fieldLabels": [
        "m3"
      ],
      "bubbleValues": [
	"0",
	"5"
      ],
      "bubblesGap": 573,
      "labelsGap": 0,
      "direction": "vertical"
    },
    "e1": {
      "origin": [
        1820,
        444
      ],
      "fieldLabels": [
        "e1"
      ],
      "bubbleValues": [
	"0",
	"1",
	"2"
      ],
      "bubblesGap": 113,
      "labelsGap": 0,
      "direction": "vertical"
    },
    "e2": {
      "origin": [
        1941,
        444
      ],
      "fieldLabels": [
        "e2"
      ],
      "fieldType": "QTYPE_INT",
      "bubblesGap": 115,
      "labelsGap": 0,
      "direction": "vertical"
    },
    "e3": {
      "origin": [
        2185,
        444
      ],
      "fieldLabels": [
        "e3"
      ],
      "bubbleValues": [
	"0",
	"5"
      ],
      "bubblesGap": 573,
      "labelsGap": 0,
      "direction": "vertical"
    }
  },
  "outputColumns": [
    "p1..3",
    "c1..3",
    "m1..3",
    "e1..3"
  ],
  "emptyValue": ""
}
