{
  "pageDimensions": [
    3000,
    1680
  ],
  "bubbleDimensions": [
    50,
    50
  ],
  "preProcessors": [
    {
      "name": "CropOnMarkers",
      "options": {
        "relativePath": "omr_marker.jpg",
        "sheetToMarkerWidthRatio": 17
      }
    }
  ],
  "fieldBlocks": {   
    "t1": {
      "origin": [
        1222,
        444
      ],
      "fieldLabels": [
        "t1"
      ],
      "bubbleValues": [
	"0",
	"1"
      ],
      "bubblesGap": 113,
      "labelsGap": 0,
      "direction": "vertical"
    },
    "t2": {
      "origin": [
        1344,
        444
      ],
      "fieldLabels": [
        "t2"
      ],
      "fieldType": "QTYPE_INT",
      "bubblesGap": 115,
      "labelsGap": 0,
      "direction": "vertical"
    },
    "t3": {
      "origin": [
        1466,
        444
      ],
      "fieldLabels": [
        "t3"
      ],
      "fieldType": "QTYPE_INT",
      "bubblesGap": 115,
      "labelsGap": 0,
      "direction": "vertical"
    },
    "t4": {
      "origin": [
        1708,
        444
      ],
      "fieldLabels": [
        "t4"
      ],
      "bubbleValues": [
	"0",
	"5"
      ],
      "bubblesGap": 573,
      "labelsGap": 0,
      "direction": "vertical"
    }
  },
  "outputColumns": [
    "t1..4"
  ],
  "emptyValue": ""
}
